PLAYER,TEAM,AGE,GP,W,L,MIN,PTS,REB,AST,TOV,STL,BLK,+/-
Aaron Gordon,ORL,24,62,30,32,32.5,14.4,7.7,3.7,1.6,0.8,0.6,-1.1
Aaron Holiday,IND,23,66,42,24,24.5,9.5,2.4,3.4,1.3,0.8,0.2,1.7
Abdel Nader,OKC,26,55,37,18,15.8,6.3,1.8,0.7,0.8,0.4,0.4,-1.5
Adam Mokoka,CHI,21,11,3,8,10.2,2.9,0.9,0.4,0.2,0.4,0.0,4.5
Admiral Schofield,WAS,23,33,9,24,11.2,3.0,1.4,0.5,0.2,0.2,0.1,-1.7
Al Horford,PHI,34,67,39,28,30.2,11.9,6.8,4.0,1.2,0.8,0.9,1.9
Alec Burks,PHI,28,66,21,45,26.6,15.0,4.3,2.9,1.4,0.9,0.3,-3.4
Alen Smailagic,GSW,19,14,1,13,9.9,4.2,1.9,0.9,0.8,0.2,0.3,-0.6
Alex Caruso,LAL,26,64,48,16,18.4,5.5,1.9,1.9,0.8,1.1,0.3,3.8
Alex Len,SAC,27,55,18,37,17.6,8.0,5.8,0.9,1.0,0.4,0.9,-2.0
Al-Farouq Aminu,ORL,29,18,7,11,21.1,4.3,4.8,1.2,0.9,1.0,0.4,-1.9
Alfonzo McKinnie,CLE,27,40,11,29,14.8,4.6,2.8,0.4,0.7,0.6,0.2,-2.3
Alize Johnson,IND,24,17,10,7,6.9,2.0,2.8,0.4,0.4,0.2,0.1,1.5
Allen Crabbe,MIN,28,37,5,32,17.6,4.6,2.1,0.9,0.5,0.4,0.1,-6.0
Allonzo Trier,NYK,24,24,2,22,12.1,6.5,1.2,1.2,0.9,0.1,0.2,-3.0
Amile Jefferson,ORL,27,18,5,13,4.1,0.8,1.3,0.2,0.2,0.1,0.2,1.0
Amir Coffey,LAC,23,18,11,7,8.8,3.2,0.9,0.8,0.4,0.3,0.1,-0.3
Andre Drummond,CLE,26,57,21,36,33.0,17.7,15.2,2.7,3.6,1.9,1.6,-3.4
Andre Iguodala,MIA,36,21,10,11,19.9,4.6,3.7,2.4,1.2,0.7,1.0,-1.2
Andre Roberson,OKC,28,7,3,4,12.4,2.9,3.9,0.6,0.3,0.1,0.4,-0.4
Andrew Wiggins,GSW,25,54,15,39,34.4,21.8,5.1,3.7,2.4,0.8,1.0,-3.7
Anfernee Simons,POR,21,70,32,38,20.7,8.3,2.2,1.4,0.9,0.4,0.1,-3.5
Ante Zizic,CLE,23,22,4,18,10.0,4.4,3.0,0.3,0.5,0.3,0.2,0.6
Anthony Davis,LAL,27,62,46,16,34.4,26.1,9.3,3.2,2.5,1.5,2.3,3.9
Anthony Tolliver,MEM,35,55,24,31,15.9,3.6,2.8,0.8,0.6,0.3,0.2,-1.9
Antonius Cleveland,DAL,26,11,6,5,4.2,1.0,0.6,0.1,0.2,0.1,0.3,-1.1
Anzejs Pasecniks,WAS,24,27,9,18,16.2,5.8,4.0,0.7,0.9,0.3,0.4,-0.1
Aron Baynes,PHX,33,42,19,23,22.2,11.5,5.6,1.6,1.2,0.2,0.5,-1.1
Austin Rivers,HOU,27,68,43,25,23.4,8.8,2.6,1.7,0.7,0.7,0.1,1.2
Avery Bradley,LAL,29,49,36,13,24.2,8.6,2.3,1.3,1.0,0.9,0.1,3.7
Bam Adebayo,MIA,22,72,44,28,33.6,15.9,10.2,5.1,2.8,1.1,1.3,3.4
Ben McLemore,HOU,27,71,44,27,22.8,10.1,2.2,0.8,0.7,0.6,0.2,2.6
Ben Simmons,PHI,23,57,35,22,35.4,16.4,7.8,8.0,3.5,2.1,0.6,1.1
Bismack Biyombo,CHA,27,53,18,35,19.4,7.4,5.8,0.9,0.9,0.2,0.9,-2.9
BJ Johnson,ORL,24,10,5,5,8.3,3.0,1.5,0.3,0.6,0.3,0.0,-0.9
Blake Griffin,DET,31,18,8,10,28.5,15.5,4.7,3.3,2.2,0.4,0.4,-1.4
Boban Marjanovic,DAL,31,44,21,23,9.6,6.6,4.5,0.5,0.7,0.2,0.2,1.1
Bobby Portis,NYK,25,66,21,45,21.1,10.1,5.1,1.5,1.1,0.5,0.3,-2.9
Bogdan Bogdanovic,SAC,27,61,29,32,28.9,15.1,3.4,3.4,1.7,1.0,0.2,-0.7
Bojan Bogdanovic,UTA,31,63,41,22,33.1,20.2,4.1,2.1,2.5,0.5,0.1,4.2
Bol Bol,DEN,20,7,2,5,12.4,5.7,2.7,0.9,1.4,0.3,0.9,-3.0
Brad Wanamaker,BOS,30,71,48,23,19.3,6.9,2.0,2.5,1.1,0.9,0.2,1.9
Bradley Beal,WAS,27,57,20,37,36.0,30.5,4.2,6.1,3.4,1.2,0.4,-3.5
Brandon Clarke,MEM,23,58,29,29,22.4,12.1,5.9,1.4,0.9,0.6,0.8,-0.3
Brandon Goodwin,ATL,24,34,13,21,12.7,6.1,2.1,1.5,0.9,0.4,0.1,-3.8
Brandon Ingram,NOP,22,62,25,37,33.9,23.8,6.1,4.2,3.0,1.0,0.6,-0.7
Brandon Knight,DET,28,25,4,21,18.5,7.3,1.6,2.8,1.5,0.4,0.1,-2.8
Brian Bowen II,IND,21,6,5,1,5.2,1.0,1.2,0.0,0.2,0.0,0.2,2.2
Brook Lopez,MIL,32,68,53,15,26.7,12.0,4.6,1.5,1.0,0.7,2.4,7.7
Bruce Brown,DET,23,58,18,40,28.2,8.9,4.7,4.0,1.7,1.1,0.5,-2.4
Bruno Caboclo,HOU,24,30,11,19,8.1,3.0,2.0,0.4,0.4,0.5,0.6,-1.1
Bruno Fernando,ATL,21,56,18,38,12.7,4.3,3.5,0.9,0.8,0.3,0.3,-1.7
Bryn Forbes,SAS,26,63,27,36,25.1,11.2,2.0,1.7,0.9,0.5,0.0,-3.4
Buddy Hield,SAC,27,72,31,41,30.8,19.2,4.6,3.0,2.3,0.9,0.2,-1.5
Caleb Martin,CHA,24,18,6,12,17.6,6.2,2.1,1.3,0.8,0.7,0.4,0.3
Caleb Swanigan,POR,23,27,12,15,10.7,2.4,3.7,1.1,1.4,0.1,0.3,-1.6
Cam Reddish,ATL,20,58,17,41,26.7,10.5,3.7,1.5,1.7,1.1,0.5,-4.2
Cameron Johnson,PHX,24,57,28,29,22.0,8.8,3.3,1.2,0.6,0.6,0.4,0.2
Cameron Payne,PHX,25,8,8,0,22.9,10.9,3.9,3.0,1.4,1.0,0.3,11.1
Caris LeVert,BKN,25,45,21,24,29.6,18.7,4.2,4.4,2.6,1.2,0.2,-0.1
Carmelo Anthony,POR,36,58,28,30,32.8,15.4,6.3,1.5,1.7,0.8,0.5,0.3
Carsen Edwards,BOS,22,37,25,12,9.5,3.3,1.3,0.6,0.4,0.3,0.1,-1.3
Cedi Osman,CLE,25,65,19,46,29.4,11.0,3.6,2.4,1.4,0.8,0.2,-5.4
Chandler Hutchison,CHI,24,28,8,20,18.8,7.8,3.9,0.9,1.0,1.0,0.3,-5.1
Chandler Parsons,ATL,31,5,0,5,10.8,2.8,1.4,0.6,0.6,0.8,0.2,-8.0
Charlie Brown Jr.,ATL,23,10,1,9,4.0,2.0,0.4,0.2,0.3,0.2,0.2,2.8
Chasson Randle,GSW,27,3,2,1,13.5,1.7,0.7,1.7,0.0,0.7,0.0,-1.3
Cheick Diallo,PHX,23,47,20,27,10.2,4.7,2.8,0.5,0.7,0.2,0.3,-1.0
Chimezie Metu,SAS,23,18,8,10,5.8,3.2,1.8,0.6,0.6,0.2,0.3,-0.5
Chris Boucher,TOR,27,62,45,17,13.2,6.6,4.5,0.4,0.5,0.4,1.0,1.6
Chris Chiozza,BKN,24,28,14,14,14.3,5.1,1.9,3.0,1.1,0.8,0.1,3.3
Chris Clemons,HOU,22,33,19,14,8.8,4.9,0.9,0.8,0.6,0.3,0.2,-1.9
Chris Paul,OKC,35,70,44,26,31.5,17.6,5.0,6.7,2.3,1.6,0.2,4.7
Chris Silva,MIA,23,44,27,17,7.9,3.0,2.9,0.5,0.7,0.2,0.5,-1.2
Christian Wood,DET,24,62,20,42,21.4,13.1,6.3,1.0,1.4,0.5,0.9,1.1
CJ McCollum,POR,28,70,34,36,36.5,22.2,4.2,4.4,1.8,0.8,0.6,0.2
CJ Miles,WAS,33,10,4,6,16.1,6.4,1.2,1.2,0.4,1.0,0.4,-0.8
Clint Capela,ATL,26,39,22,17,32.8,13.9,13.8,1.2,1.6,0.8,1.8,1.5
Coby White,CHI,20,65,22,43,25.8,13.2,3.5,2.7,1.7,0.8,0.1,-2.5
Cody Martin,CHA,24,48,16,32,18.8,5.0,3.3,2.0,0.9,0.8,0.2,-1.4
Cody Zeller,CHA,27,58,18,40,23.1,11.1,7.1,1.5,1.3,0.7,0.4,-3.8
Collin Sexton,CLE,21,65,19,46,33.0,20.8,3.1,3.0,2.4,1.0,0.1,-6.1
Corey Brewer,SAC,34,5,2,3,6.5,1.0,1.6,0.4,0.4,0.8,0.0,1.0
Cory Joseph,SAC,28,72,31,41,24.4,6.4,2.6,3.5,1.1,0.7,0.3,-0.6
Courtney Lee,DAL,34,24,15,9,14.4,4.5,1.3,0.5,0.5,0.8,0.3,1.6
Cristiano Felicio,CHI,27,22,6,16,17.5,3.9,4.6,0.7,0.8,0.5,0.1,-2.6
D.J. Augustin,ORL,32,57,28,29,24.9,10.5,2.1,4.6,1.5,0.6,0.0,1.3
D.J. Wilson,MIL,24,37,29,8,9.8,3.6,2.5,0.7,0.5,0.1,0.1,-1.3
Damian Jones,ATL,25,55,15,40,16.1,5.6,3.7,0.6,0.5,0.5,0.7,-4.7
Damian Lillard,POR,29,66,33,33,37.5,30.0,4.3,8.0,2.9,1.1,0.3,1.3
Damion Lee,GSW,27,49,12,37,29.0,12.7,4.9,2.7,1.4,1.0,0.1,-2.5
Damyean Dotson,NYK,26,48,14,34,17.4,6.7,1.9,1.2,0.4,0.5,0.1,-1.8
D'Angelo Russell,MIN,24,45,11,34,32.3,23.1,3.9,6.3,3.3,1.1,0.3,-5.6
Daniel Gafford,CHI,21,43,15,28,14.2,5.1,2.5,0.5,0.7,0.3,1.3,-0.7
Daniel Theis,BOS,28,65,42,23,24.1,9.2,6.6,1.7,0.8,0.6,1.3,3.1
Danilo Gallinari,OKC,31,62,37,25,29.6,18.7,5.2,1.9,1.2,0.7,0.1,3.7
Danny Green,LAL,33,68,51,17,24.8,8.0,3.3,1.3,0.9,1.3,0.5,3.8
Dante Exum,CLE,24,35,10,25,13.9,4.5,1.9,1.1,0.9,0.4,0.2,-3.1
Danuel House Jr.,HOU,27,63,40,23,30.4,10.5,4.2,1.3,0.9,1.1,0.5,2.0
DaQuan Jeffries,SAC,22,13,4,9,10.9,3.8,1.4,0.5,0.2,0.3,0.1,0.2
Dario Saric,PHX,26,66,32,34,24.7,10.7,6.2,1.9,1.3,0.6,0.2,-1.0
Darius Bazley,OKC,20,61,36,25,18.5,5.6,4.0,0.7,0.7,0.4,0.7,-1.3
Darius Garland,CLE,20,59,17,42,30.9,12.3,1.9,3.9,2.6,0.7,0.1,-5.0
Daryl Macon,MIA,24,4,4,0,3.5,0.8,0.0,0.3,0.5,0.0,0.0,0.0
David Nwaba,HOU,27,20,8,12,13.4,5.2,2.3,0.4,0.4,0.6,0.6,1.8
Davis Bertans,WAS,27,54,20,34,29.3,15.4,4.5,1.7,1.1,0.7,0.6,-0.3
De'Aaron Fox,SAC,22,51,20,31,32.0,21.1,3.8,6.8,3.1,1.5,0.5,-2.4
Dean Wade,CLE,23,12,1,11,6.0,1.7,1.6,0.2,0.3,0.2,0.3,-0.8
Deandre Ayton,PHX,21,38,20,18,32.5,18.2,11.5,1.9,2.1,0.7,1.5,2.6
DeAndre' Bembry,ATL,25,43,10,33,21.3,5.8,3.5,1.9,1.4,1.3,0.4,-6.0
De'Andre Hunter,ATL,22,63,19,44,32.0,12.3,4.5,1.8,1.6,0.7,0.3,-4.1
DeAndre Jordan,BKN,31,56,27,29,22.0,8.3,10.0,1.9,1.3,0.3,0.9,-0.7
De'Anthony Melton,MEM,22,60,27,33,19.5,7.6,3.7,2.9,1.4,1.3,0.3,2.0
Dejounte Murray,SAS,23,66,29,37,25.6,10.9,5.8,4.1,1.9,1.7,0.3,-2.9
Delon Wright,DAL,28,73,42,31,21.5,6.9,3.8,3.3,1.0,1.2,0.3,0.5
DeMar DeRozan,SAS,30,68,31,37,34.1,22.1,5.5,5.6,2.4,1.0,0.3,-1.7
DeMarre Carroll,HOU,33,24,10,14,12.1,3.6,2.3,1.0,0.7,0.3,0.2,-0.1
Dennis Schroder,OKC,26,65,40,25,30.8,18.9,3.6,4.0,2.6,0.7,0.2,3.6
Dennis Smith Jr.,NYK,22,34,7,27,15.8,5.5,2.3,2.9,1.7,0.8,0.2,-5.7
Denzel Valentine,CHI,26,36,12,24,13.6,6.8,2.1,1.2,0.7,0.7,0.2,-1.1
Deonte Burton,OKC,26,39,22,17,9.1,2.7,1.5,0.4,0.5,0.2,0.3,-2.6
Derrick Favors,NOP,28,51,24,27,24.4,9.0,9.8,1.6,1.1,0.6,0.9,2.3
Derrick Jones Jr.,MIA,23,59,34,25,23.3,8.5,3.9,1.1,0.5,1.0,0.6,-0.5
Derrick Rose,DET,31,50,17,33,26.0,18.1,2.4,5.6,2.5,0.8,0.3,-1.7
Derrick Walton Jr.,DET,25,26,15,11,9.6,2.0,0.6,1.0,0.2,0.3,0.0,-0.3
Derrick White,SAS,25,68,32,36,24.7,11.3,3.3,3.5,1.3,0.6,0.9,0.6
Devin Booker,PHX,23,70,34,36,35.9,26.6,4.2,6.5,3.8,0.7,0.3,1.9
Devon Hall,OKC,24,11,6,5,7.3,1.8,0.6,1.2,0.5,0.4,0.1,0.8
Devontae Cacok,LAL,23,1,0,1,8.9,6.0,5.0,1.0,0.0,0.0,0.0,5.0
Devonte' Graham,CHA,25,63,23,40,35.1,18.2,3.4,7.5,2.9,1.0,0.2,-2.9
Dewan Hernandez,TOR,23,6,6,0,4.7,2.3,2.3,0.5,0.5,0.2,0.0,1.8
Dewayne Dedmon,ATL,30,44,17,27,17.6,5.8,5.7,0.5,1.3,0.6,0.9,-0.6
Dillon Brooks,MEM,24,73,34,39,28.9,16.2,3.3,2.1,1.7,0.9,0.4,-0.6
Dion Waiters,LAL,28,10,4,6,20.7,11.1,2.4,2.0,1.6,0.4,0.6,2.9
Domantas Sabonis,IND,24,62,37,25,34.8,18.5,12.4,5.0,2.7,0.8,0.5,2.6
Donovan Mitchell,UTA,23,69,43,26,34.3,24.0,4.4,4.3,2.7,1.0,0.2,1.6
Donta Hall,BKN,22,9,4,5,14.8,4.3,4.2,0.4,0.6,0.3,0.7,-3.9
Donte DiVincenzo,MIL,23,66,53,13,23.0,9.2,4.8,2.3,1.4,1.3,0.3,6.2
Dorian Finney-Smith,DAL,27,71,40,31,29.9,9.5,5.7,1.6,1.0,0.6,0.5,3.9
Doug McDermott,IND,28,69,43,26,19.9,10.3,2.5,1.1,0.6,0.2,0.1,1.5
Dragan Bender,GSW,22,16,10,6,17.8,6.7,4.6,1.8,1.3,0.3,0.6,-0.3
Draymond Green,GSW,30,43,10,33,28.4,8.0,6.2,6.2,2.3,1.4,0.8,-4.5
Drew Eubanks,SAS,23,22,13,9,12.4,4.9,3.9,0.7,1.0,0.2,0.8,-3.2
Duncan Robinson,MIA,26,73,44,29,29.7,13.5,3.2,1.4,1.0,0.5,0.3,4.8
Dusty Hannahs,MEM,26,2,0,2,6.7,6.0,0.5,0.0,0.0,0.0,0.0,2.5
Dwayne Bacon,CHA,24,39,10,29,17.6,5.7,2.6,1.3,0.9,0.6,0.1,-3.4
Dwight Howard,LAL,34,69,52,17,18.9,7.5,7.3,0.7,1.2,0.4,1.1,2.3
Dwight Powell,DAL,28,40,25,15,26.5,9.4,5.7,1.5,0.9,0.9,0.6,4.9
Dzanan Musa,BKN,21,40,20,20,12.2,4.8,2.2,1.1,0.9,0.4,0.0,-0.6
Ed Davis,UTA,31,28,16,12,10.8,1.8,3.8,0.4,0.5,0.4,0.3,-3.9
Edmond Sumner,IND,24,31,16,15,14.4,4.9,1.5,1.8,0.7,0.5,0.3,-0.9
Elfrid Payton,NYK,26,45,17,28,27.7,10.0,4.7,7.2,2.1,1.6,0.4,-1.9
Elie Okobo,PHX,22,55,23,32,13.1,4.0,1.6,2.1,0.7,0.4,0.1,-1.2
Emmanuel Mudiay,UTA,24,54,34,20,15.7,7.3,2.3,2.1,1.4,0.4,0.2,-0.8
Enes Freedom,BOS,28,58,36,22,17.0,8.1,7.4,1.0,1.0,0.4,0.7,3.6
Eric Bledsoe,MIL,30,61,48,13,27.0,14.9,4.6,5.4,2.4,0.9,0.4,7.1
Eric Gordon,HOU,31,36,21,15,28.2,14.4,2.0,1.5,1.2,0.6,0.4,0.1
Eric Mika,SAC,25,1,0,1,19.0,6.0,7.0,0.0,0.0,0.0,0.0,8.0
Eric Paschall,GSW,23,60,14,46,27.6,14.0,4.6,2.1,1.6,0.5,0.2,-6.3
Ersan Ilyasova,MIL,33,63,48,15,15.7,6.6,4.8,0.8,0.5,0.4,0.3,1.3
E'Twaun Moore,NOP,31,56,27,29,18.2,8.3,2.3,1.4,0.7,0.6,0.2,-0.8
Evan Fournier,ORL,27,66,28,38,31.4,18.5,2.6,3.2,1.9,1.1,0.2,-1.2
Evan Turner,MIN,31,19,3,16,13.2,3.3,2.0,2.0,1.4,0.5,0.4,-3.4
Frank Jackson,NOP,22,59,26,33,13.5,6.3,1.4,1.0,0.8,0.3,0.1,-1.0
Frank Kaminsky,PHX,27,39,19,20,19.9,9.7,4.5,1.9,0.9,0.4,0.3,-0.2
Frank Mason III,MIL,26,9,6,3,13.1,6.9,2.1,3.2,1.2,0.6,0.1,0.2
Frank Ntilikina,NYK,21,57,19,38,20.8,6.3,2.1,3.0,1.2,0.9,0.3,-1.7
Fred VanVleet,TOR,26,54,40,14,35.7,17.6,3.8,6.6,2.2,1.9,0.3,3.8
Furkan Korkmaz,PHI,22,72,42,30,21.7,9.8,2.3,1.1,0.8,0.6,0.2,1.3
Gabe Vincent,MIA,24,9,5,4,9.2,2.4,0.6,0.7,0.1,0.6,0.0,-3.4
Garrett Temple,BKN,34,62,30,32,27.9,10.3,3.5,2.5,1.0,0.8,0.5,-0.7
Garrison Mathews,WAS,23,18,8,10,12.6,5.4,1.3,0.6,0.4,0.4,0.1,1.9
Gary Clark,ORL,25,42,23,19,13.5,3.7,2.6,0.4,0.2,0.1,0.5,-1.3
Gary Harris,DEN,25,56,37,19,31.8,10.4,2.9,2.1,1.1,1.4,0.3,2.2
Gary Payton II,WAS,27,29,13,16,14.9,3.9,2.8,1.7,0.7,1.1,0.2,-4.8
Gary Trent Jr.,POR,21,61,29,32,21.8,8.9,1.6,1.0,0.3,0.8,0.3,-0.9
George Hill,MIL,34,59,47,12,21.5,9.4,3.0,3.1,1.0,0.8,0.1,5.1
Georges Niang,UTA,27,66,41,25,14.0,5.9,1.9,0.7,0.5,0.3,0.1,-0.6
Giannis Antetokounmpo,MIL,25,63,51,12,30.4,29.5,13.6,5.6,3.7,1.0,1.0,10.8
Glenn Robinson III,PHI,26,62,17,45,28.8,11.7,4.4,1.5,0.9,0.9,0.3,-4.8
Goga Bitadze,IND,20,54,32,22,8.7,3.2,2.0,0.4,0.5,0.2,0.7,-0.3
Goran Dragic,MIA,34,59,37,22,28.2,16.2,3.2,5.1,2.4,0.7,0.2,2.8
Gordon Hayward,BOS,30,52,34,18,33.5,17.5,6.7,4.1,1.8,0.7,0.4,6.4
Gorgui Dieng,MEM,30,63,20,43,17.4,7.4,5.6,1.2,1.0,0.8,0.9,-1.6
Grant Williams,BOS,21,69,47,22,15.1,3.4,2.6,1.0,0.7,0.4,0.5,1.9
Grayson Allen,MEM,24,38,16,22,18.9,8.7,2.2,1.4,0.9,0.3,0.1,-2.5
Hamidou Diallo,OKC,21,46,25,21,19.5,6.9,3.6,0.8,1.1,0.8,0.2,0.3
Harrison Barnes,SAC,28,72,31,41,34.5,14.5,4.9,2.2,1.2,0.6,0.2,-1.7
Harry Giles III,SAC,22,46,22,24,14.5,6.9,4.1,1.3,1.0,0.5,0.4,-2.8
Hassan Whiteside,POR,31,67,34,33,30.0,15.5,13.5,1.2,1.8,0.4,2.9,1.7
Henry Ellenson,BKN,23,5,2,3,3.0,0.4,1.2,0.2,0.0,0.0,0.0,2.4
Ian Mahinmi,WAS,33,38,15,23,21.3,7.4,5.7,1.3,1.2,0.8,1.2,-2.1
Ignas Brazdeikis,NYK,21,9,1,8,5.9,1.9,0.6,0.4,0.2,0.0,0.1,-1.3
Iman Shumpert,BKN,30,13,9,4,18.5,4.2,2.6,0.9,0.8,0.9,0.2,-4.0
Isaac Bonga,WAS,20,66,22,44,18.9,5.0,3.4,1.2,0.9,0.7,0.3,-0.5
Isaiah Hartenstein,HOU,22,23,16,7,11.6,4.7,3.9,0.8,0.7,0.4,0.5,1.7
Isaiah Roby,OKC,22,3,2,1,3.8,0.0,0.7,0.0,0.3,0.0,0.0,-1.3
Isaiah Thomas,WAS,31,40,14,26,23.1,12.2,1.7,3.7,1.9,0.3,0.2,-5.0
Ish Smith,WAS,31,68,23,45,26.3,10.9,3.2,4.9,1.4,0.9,0.4,-2.1
Ivica Zubac,LAC,23,72,49,23,18.4,8.3,7.5,1.1,0.8,0.2,0.9,3.2
J.J. Barea,DAL,36,29,15,14,15.5,7.7,1.8,3.9,1.3,0.2,0.1,0.7
J.P. Macura,CLE,25,1,1,0,0.6,0.0,0.0,0.0,0.0,0.0,0.0,3.0
Ja Morant,MEM,20,67,33,34,31.0,17.8,3.9,7.3,3.3,0.9,0.3,-0.3
Jabari Parker,SAC,25,38,9,29,24.2,14.0,5.6,1.8,1.7,1.2,0.4,-2.5
Jacob Evans,MIN,23,29,8,21,14.4,4.4,1.4,1.1,0.9,0.4,0.4,-3.5
Jae Crowder,MIA,29,65,29,36,28.8,10.5,5.9,2.5,1.1,1.1,0.4,-2.0
Jahlil Okafor,NOP,24,30,9,21,15.6,8.1,4.2,1.2,1.3,0.2,0.7,-3.4
JaKarr Sampson,IND,27,34,21,13,13.8,4.6,2.6,0.6,0.4,0.5,0.4,0.6
Jake Layman,MIN,26,23,11,12,22.0,9.1,2.5,0.7,1.0,0.7,0.4,1.0
Jakob Poeltl,SAS,24,66,30,36,17.7,5.6,5.7,1.8,0.8,0.6,1.4,1.8
Jalen Brunson,DAL,23,57,34,23,17.9,8.2,2.4,3.3,1.2,0.4,0.1,3.0
Jalen Lecque,PHX,20,5,2,3,6.3,2.0,0.4,0.4,0.4,0.0,0.0,-4.0
Jalen McDaniels,CHA,22,16,7,9,18.3,5.6,4.1,0.8,0.7,0.5,0.2,-1.4
Jamal Crawford,BKN,40,1,1,0,6.0,5.0,0.0,3.0,0.0,0.0,0.0,4.0
Jamal Murray,DEN,23,59,38,21,32.3,18.5,4.0,4.8,2.2,1.1,0.3,4.1
James Ennis III,ORL,29,69,42,27,18.3,6.6,3.6,0.9,0.8,0.5,0.3,0.0
James Harden,HOU,30,68,43,25,36.5,34.3,6.6,7.5,4.5,1.8,0.9,4.2
James Johnson,MIN,33,32,14,18,19.4,8.4,3.7,2.3,1.5,0.8,1.0,-2.3
JaMychal Green,LAC,30,63,43,20,20.7,6.8,6.2,0.8,0.9,0.5,0.4,2.4
Jared Dudley,LAL,34,45,30,15,8.1,1.5,1.2,0.6,0.2,0.3,0.1,0.4
Jared Harper,NYK,22,3,1,2,2.6,0.7,0.0,0.0,0.0,0.0,0.0,-3.7
Jaren Jackson Jr.,MEM,20,57,28,29,28.5,17.4,4.6,1.4,1.7,0.7,1.6,-1.8
Jarred Vanderbilt,MIN,21,11,6,5,4.2,1.1,0.8,0.2,0.6,0.3,0.1,-2.5
Jarrell Brantley,UTA,24,9,3,6,10.7,2.7,2.2,1.2,0.8,0.3,0.6,-4.1
Jarrett Allen,BKN,22,70,33,37,26.5,11.1,9.6,1.6,1.1,0.6,1.3,0.6
Jarrett Culver,MIN,21,63,19,44,23.9,9.2,3.4,1.7,1.3,0.9,0.6,-1.6
Jarrod Uthoff,WAS,27,7,4,3,7.6,2.7,0.9,0.0,0.0,0.1,0.0,1.4
JaVale McGee,LAL,32,68,51,17,16.6,6.6,5.7,0.5,0.8,0.5,1.4,1.9
Javonte Green,BOS,26,48,33,15,9.7,3.4,1.9,0.5,0.5,0.5,0.2,-0.6
Jaxson Hayes,NOP,20,64,28,36,16.9,7.4,4.0,0.9,0.8,0.4,0.9,-0.9
Jaylen Brown,BOS,23,57,38,19,33.9,20.3,6.4,2.1,2.2,1.1,0.4,4.0
Jaylen Hoard,POR,21,13,7,6,7.9,2.9,2.5,0.3,0.3,0.4,0.0,0.8
Jaylen Nowell,MIN,20,15,2,13,10.1,3.8,0.9,1.3,0.2,0.2,0.1,0.7
Jayson Tatum,BOS,22,66,46,20,34.3,23.4,7.0,3.0,2.3,1.4,0.9,7.6
Jeff Green,HOU,33,48,28,20,20.0,9.4,2.8,1.0,0.9,0.5,0.4,-1.8
Jeff Teague,ATL,32,59,22,37,24.8,10.9,2.4,5.2,2.0,0.7,0.3,-2.9
Jerami Grant,DEN,26,71,45,26,26.6,12.0,3.5,1.2,0.9,0.7,0.8,-1.2
Jeremiah Martin,BKN,24,9,6,3,11.0,7.1,1.1,2.0,0.4,0.8,0.2,-1.9
Jeremy Lamb,IND,28,46,27,19,28.1,12.5,4.3,2.1,1.1,1.2,0.5,0.0
Jeremy Pargo,GSW,34,3,0,3,14.8,8.3,1.0,2.7,1.3,0.3,0.0,0.0
Jerian Grant,WAS,27,6,1,5,13.4,4.5,1.0,1.5,0.5,0.2,0.2,-0.5
Jerome Robinson,WAS,23,63,36,27,15.5,5.1,2.0,1.4,0.8,0.4,0.3,-0.5
Jevon Carter,PHX,24,58,29,29,16.3,4.9,2.0,1.4,0.6,0.8,0.3,-0.2
Jimmy Butler,MIA,30,58,38,20,33.8,19.9,6.7,6.0,2.2,1.8,0.6,4.4
JJ Redick,NOP,36,60,26,34,26.3,15.3,2.5,2.0,1.3,0.3,0.2,-0.4
Joakim Noah,LAC,35,5,4,1,10.0,2.8,3.2,1.4,1.2,0.2,0.2,-3.8
Joe Chealey,CHA,24,4,1,3,8.4,0.5,0.0,0.3,0.5,1.0,0.0,-4.5
Joe Harris,BKN,28,69,33,36,30.8,14.5,4.3,2.1,1.5,0.6,0.2,1.2
Joe Ingles,UTA,32,72,44,28,29.7,9.8,3.9,5.2,2.0,0.9,0.2,3.3
Joel Embiid,PHI,26,51,32,19,29.5,23.0,11.6,3.0,3.1,0.9,1.3,3.2
John Collins,ATL,22,41,15,26,33.2,21.6,10.1,1.5,1.8,0.8,1.6,-4.0
John Henson,DET,29,40,8,32,15.0,5.5,4.1,1.4,0.9,0.6,1.1,-0.5
John Konchar,MEM,24,19,9,10,9.5,2.8,2.5,1.2,0.4,0.4,0.2,1.9
Johnathan Motley,LAC,25,13,8,5,3.2,2.2,0.8,0.6,0.4,0.2,0.0,0.2
Johnathan Williams,WAS,25,15,7,8,12.0,3.0,4.3,0.5,0.3,0.1,0.5,-2.6
Jonah Bolden,PHX,24,7,6,1,6.7,1.4,1.3,0.0,0.3,0.4,0.3,0.1
Jonas Valanciunas,MEM,28,70,32,38,26.4,14.9,11.3,1.9,1.8,0.4,1.1,0.1
Jonathan Isaac,ORL,22,34,15,19,28.8,11.9,6.8,1.4,1.4,1.6,2.3,0.5
Jordan Bell,CLE,25,29,8,21,8.8,3.2,2.8,0.6,0.7,0.1,0.3,-0.3
Jordan Bone,DET,22,10,3,7,5.3,1.2,0.4,0.8,0.2,0.1,0.0,0.0
Jordan Clarkson,UTA,28,71,34,37,24.0,15.2,2.6,1.9,1.4,0.6,0.2,-0.1
Jordan McLaughlin,MIN,24,30,7,23,19.7,7.6,1.6,4.2,1.0,1.1,0.1,-2.3
Jordan McRae,DET,29,37,12,25,21.2,11.5,3.4,2.5,1.2,0.6,0.4,-2.0
Jordan Poole,GSW,21,57,12,45,22.3,8.8,2.1,2.4,1.3,0.6,0.2,-3.5
Josh Gray,NOP,26,2,1,1,11.4,1.0,1.0,1.0,2.5,0.0,0.0,-3.5
Josh Hart,NOP,25,65,26,39,27.0,10.1,6.5,1.7,1.2,1.0,0.4,-1.8
Josh Jackson,MEM,23,22,10,12,17.3,9.0,3.0,1.6,1.3,0.8,0.4,1.1
Josh Magette,ORL,30,8,3,5,4.7,1.5,0.8,0.6,0.6,0.4,0.1,0.1
Josh Okogie,MIN,21,62,19,43,25.0,8.6,4.3,1.6,1.4,1.1,0.4,-2.6
Josh Reaves,DAL,23,4,2,2,7.1,2.0,0.8,0.8,0.0,0.0,0.0,1.3
Josh Richardson,PHI,26,55,33,22,30.8,13.7,3.2,2.9,1.9,0.9,0.7,2.2
JR Smith,LAL,34,6,2,4,13.2,2.8,0.8,0.5,0.7,0.2,0.0,-5.8
Jrue Holiday,NOP,30,61,26,35,34.7,19.1,4.8,6.7,3.0,1.6,0.8,0.6
Juan Toscano-Anderson,GSW,27,13,3,10,20.9,5.3,4.0,2.0,1.2,1.0,0.4,-6.1
Juancho Hernangomez,MIN,24,48,24,24,17.4,6.0,4.1,0.8,0.7,0.4,0.2,-1.1
Julius Randle,NYK,25,64,21,43,32.5,19.5,9.7,3.1,3.0,0.8,0.3,-3.8
Justin Anderson,BKN,26,10,6,4,10.7,2.8,2.1,0.8,0.4,0.0,0.6,0.3
Justin Holiday,IND,31,73,45,28,25.0,8.3,3.3,1.3,0.6,1.2,0.6,0.5
Justin Jackson,DAL,25,65,39,26,16.1,5.5,2.4,0.8,0.2,0.2,0.2,0.1
Justin James,SAC,23,36,14,22,6.5,2.5,0.9,0.5,0.2,0.2,0.3,-0.7
Justin Patton,DET,23,5,2,3,4.8,1.8,1.0,0.4,0.4,0.0,0.0,-3.2
Justin Robinson,WAS,22,9,2,7,5.4,1.4,0.6,0.8,0.3,0.0,0.1,3.4
Justin Wright-Foreman,UTA,22,4,1,3,11.3,4.8,1.3,1.8,0.8,0.5,0.0,-7.5
Justise Winslow,MEM,24,11,7,4,32.0,11.3,6.6,4.0,2.2,0.6,0.5,4.7
Jusuf Nurkic,POR,25,8,6,2,31.6,17.6,10.3,4.0,2.4,1.4,2.0,-0.5
Juwan Morgan,UTA,23,21,12,9,6.4,1.7,1.4,0.3,0.3,0.0,0.1,1.4
Kadeem Allen,NYK,27,10,3,7,11.7,5.0,0.9,2.1,0.8,0.5,0.2,-2.1
Karl-Anthony Towns,MIN,24,35,10,25,33.9,26.5,10.8,4.4,3.1,0.9,1.2,-0.4
Kawhi Leonard,LAC,29,57,41,16,32.4,27.1,7.1,4.9,2.6,1.8,0.6,8.4
Keita Bates-Diop,DEN,24,44,10,34,16.9,6.5,2.9,0.7,0.4,0.4,0.5,-3.9
Kelan Martin,MIN,24,31,12,19,16.0,6.4,3.1,0.7,0.6,0.2,0.3,-0.7
Keldon Johnson,SAS,20,17,8,9,17.7,9.1,3.4,0.9,0.8,0.8,0.1,3.9
Kelly Olynyk,MIA,29,67,41,26,19.4,8.2,4.6,1.7,1.1,0.7,0.3,0.9
Kelly Oubre Jr.,PHX,24,56,22,34,34.5,18.7,6.4,1.5,1.5,1.3,0.7,-0.5
Kemba Walker,BOS,30,56,37,19,31.1,20.4,3.9,4.8,2.1,0.9,0.5,4.4
Kendrick Nunn,MIA,24,67,42,25,29.3,15.3,2.7,3.3,1.7,0.8,0.2,0.9
Kenrich Williams,NOP,25,39,12,27,21.3,3.5,4.8,1.5,0.6,0.7,0.5,-0.7
Kent Bazemore,SAC,30,68,32,36,24.8,8.8,4.3,1.4,1.3,1.1,0.6,0.1
Kentavious Caldwell-Pope,LAL,27,69,51,18,25.5,9.3,2.1,1.6,0.9,0.8,0.2,2.2
Kevin Hervey,OKC,23,10,3,7,5.2,1.7,1.2,0.5,0.0,0.1,0.1,-3.4
Kevin Huerter,ATL,21,56,19,37,31.4,12.2,4.1,3.8,1.6,0.9,0.5,-4.3
Kevin Knox II,NYK,20,65,21,44,17.9,6.4,2.8,0.9,0.7,0.4,0.4,-2.8
Kevin Love,CLE,31,56,16,40,31.8,17.6,9.8,3.2,2.5,0.6,0.3,-4.8
Kevin Porter Jr.,CLE,20,50,15,35,23.2,10.0,3.2,2.2,1.9,0.9,0.3,-5.8
Kevon Looney,GSW,24,20,6,14,13.1,3.4,3.3,1.0,0.6,0.6,0.3,-5.0
Khem Birch,ORL,27,48,19,29,19.2,4.4,4.6,1.0,0.6,0.4,0.5,-2.7
Khris Middleton,MIL,28,62,46,16,29.9,20.9,6.2,4.3,2.2,0.9,0.1,8.1
Khyri Thomas,DET,24,8,2,6,7.7,2.1,0.1,0.4,0.4,0.4,0.0,-4.5
Kostas Antetokounmpo,LAL,22,5,3,2,4.0,1.4,0.6,0.4,0.2,0.0,0.0,1.4
Kris Dunn,CHI,26,51,19,32,24.9,7.3,3.6,3.4,1.3,2.0,0.3,-0.6
Kristaps Porzingis,DAL,24,57,32,25,31.8,20.4,9.5,1.8,1.6,0.7,2.0,4.7
Ky Bowman,GSW,23,45,9,36,22.6,7.4,2.7,2.9,1.6,1.0,0.2,-3.9
Kyle Alexander,MIA,23,2,0,2,6.7,1.0,1.5,0.0,0.5,0.0,0.0,-1.5
Kyle Anderson,MEM,26,67,32,35,19.8,5.8,4.3,2.4,1.0,0.8,0.6,-1.4
Kyle Guy,SAC,22,3,2,1,3.2,1.3,0.3,0.3,0.0,0.0,0.0,-3.7
Kyle Korver,MIL,39,58,43,15,16.6,6.7,2.1,1.2,0.8,0.4,0.2,2.2
Kyle Kuzma,LAL,24,61,46,15,25.0,12.8,4.5,1.3,1.5,0.5,0.4,3.0
Kyle Lowry,TOR,34,58,41,17,36.2,19.4,5.0,7.5,3.1,1.4,0.4,4.7
Kyle O'Quinn,PHI,30,29,18,11,10.8,3.5,4.0,1.8,0.7,0.2,0.8,-1.1
Kyrie Irving,BKN,28,20,8,12,32.9,27.4,5.2,6.4,2.6,1.4,0.5,-0.4
KZ Okpala,MIA,21,5,2,3,5.2,1.4,1.0,0.2,0.2,0.4,0.2,-3.0
LaMarcus Aldridge,SAS,34,53,23,30,33.1,18.9,7.4,2.4,1.4,0.7,1.6,-2.4
Lance Thomas,BKN,32,7,4,3,14.0,3.4,1.9,0.9,0.9,0.0,0.0,-7.9
Landry Shamet,LAC,23,53,34,19,27.4,9.3,1.9,1.9,0.8,0.4,0.2,2.3
Langston Galloway,DET,28,66,20,46,25.8,10.3,2.3,1.5,0.6,0.7,0.2,-2.2
Larry Nance Jr.,CLE,27,56,16,40,26.3,10.1,7.3,2.2,1.1,1.0,0.4,-2.8
Lauri Markkanen,CHI,23,50,18,32,29.8,14.7,6.3,1.5,1.6,0.8,0.5,-1.4
LeBron James,LAL,35,67,50,17,34.6,25.3,7.8,10.2,3.9,1.2,0.5,6.6
Lonnie Walker IV,SAS,21,61,29,32,16.2,6.4,2.3,1.1,0.7,0.5,0.2,-0.1
Lonzo Ball,NOP,22,63,26,37,32.1,11.8,6.1,7.0,3.1,1.4,0.6,-0.4
Lou Williams,LAC,33,65,44,21,28.7,18.2,3.1,5.6,2.8,0.7,0.2,3.1
Louis King,DET,21,10,3,7,6.2,2.0,1.0,0.5,0.2,0.2,0.0,1.9
Luc Mbah a Moute,HOU,33,3,1,2,8.2,1.7,0.7,0.0,0.3,0.7,0.0,-2.3
Luguentz Dort,OKC,21,36,26,10,22.8,6.8,2.3,0.8,0.6,0.9,0.1,1.5
Luka Doncic,DAL,21,61,36,25,33.6,28.8,9.4,8.8,4.3,1.0,0.2,4.1
Luka Samanic,SAS,20,3,1,2,16.1,5.3,3.3,2.0,0.7,0.0,0.7,1.7
Luke Kennard,DET,24,28,11,17,32.9,15.8,3.5,4.1,1.5,0.4,0.2,-0.8
Luke Kornet,CHI,24,36,11,25,15.5,6.0,2.3,0.9,0.4,0.3,0.7,-1.2
Malcolm Brogdon,IND,27,54,34,20,30.9,16.5,4.9,7.1,2.4,0.6,0.2,1.6
Malcolm Miller,TOR,27,28,24,4,5.8,1.3,0.6,0.4,0.1,0.2,0.1,2.1
Malik Beasley,MIN,23,55,30,25,22.0,11.2,2.7,1.4,1.0,0.7,0.1,-0.9
Malik Monk,CHA,22,55,18,37,21.3,10.3,2.9,2.1,1.4,0.5,0.3,-4.2
Malik Newman,CLE,23,1,0,1,3.7,2.0,0.0,0.0,1.0,0.0,0.0,-3.0
Marc Gasol,TOR,35,44,35,9,26.4,7.5,6.3,3.3,1.3,0.8,0.9,6.1
Marco Belinelli,SAS,34,57,27,30,15.5,6.3,1.7,1.2,0.3,0.2,0.0,0.3
Marcus Morris Sr.,LAC,30,62,26,36,31.2,16.7,5.0,1.4,1.6,0.8,0.5,0.7
Marcus Smart,BOS,26,60,39,21,32.0,12.9,3.8,4.9,1.7,1.7,0.5,4.7
Marial Shayok,PHI,24,4,2,2,7.0,2.8,1.8,0.3,0.8,0.0,0.3,-3.3
Mario Hezonja,POR,25,53,24,29,16.4,4.8,3.5,0.9,0.8,0.7,0.2,-3.3
Markelle Fultz,ORL,22,72,33,39,27.7,12.1,3.3,5.1,2.0,1.3,0.2,-0.8
Markieff Morris,LAL,30,58,22,36,20.5,9.7,3.8,1.3,1.3,0.5,0.3,-2.2
Marko Guduric,MEM,25,44,19,25,11.0,3.9,1.7,1.0,0.8,0.3,0.2,-0.6
Marques Bolden,CLE,22,1,0,1,2.8,0.0,2.0,0.0,0.0,1.0,0.0,4.0
Marquese Chriss,GSW,22,59,15,44,20.3,9.3,6.2,1.9,1.3,0.7,1.1,-3.8
Marvin Bagley III,SAC,21,13,2,11,25.7,14.2,7.5,0.8,1.4,0.5,0.9,-6.8
Marvin Williams,MIL,34,58,21,37,19.5,5.9,3.2,1.0,0.6,0.6,0.5,-1.4
Mason Plumlee,DEN,30,61,38,23,17.3,7.2,5.2,2.5,1.3,0.5,0.6,-0.9
Matisse Thybulle,PHI,23,65,40,25,19.8,4.7,1.6,1.2,0.8,1.4,0.7,0.6
Matt Mooney,CLE,25,4,0,4,4.7,0.5,0.8,0.3,0.0,0.5,0.3,1.8
Matt Thomas,TOR,25,41,31,10,10.7,4.9,1.5,0.5,0.4,0.2,0.0,1.6
Matthew Dellavedova,CLE,29,57,17,40,14.4,3.1,1.3,3.2,1.0,0.4,0.0,-0.2
Maurice Harkless,NYK,27,62,39,23,23.0,5.8,3.9,1.1,0.9,0.9,0.5,0.3
Max Strus,CHI,24,2,0,2,3.1,2.5,0.5,0.0,0.0,0.0,0.0,7.5
Maxi Kleber,DAL,28,74,42,32,25.5,9.1,5.2,1.2,0.8,0.3,1.1,1.4
Melvin Frazier Jr.,ORL,23,19,6,13,6.6,2.1,0.5,0.2,0.3,0.5,0.1,-2.1
Meyers Leonard,MIA,28,51,34,17,20.3,6.1,5.1,1.1,0.8,0.3,0.3,1.5
Mfiondu Kabengele,LAC,22,12,9,3,5.4,3.5,0.9,0.2,0.2,0.2,0.2,-0.1
Michael Carter-Williams,ORL,28,45,21,24,18.5,7.2,3.3,2.4,1.2,1.1,0.5,0.5
Michael Frazier II,HOU,26,13,7,6,11.1,2.1,0.8,0.2,0.4,0.2,0.0,-4.5
Michael Kidd-Gilchrist,DAL,26,25,12,13,11.2,2.4,2.7,0.6,0.6,0.1,0.2,0.4
Michael Porter Jr.,DEN,22,55,36,19,16.4,9.3,4.7,0.8,0.9,0.5,0.5,0.4
Mikal Bridges,PHX,23,73,34,39,28.0,9.1,4.0,1.8,1.0,1.4,0.6,1.6
Mike Conley,UTA,32,47,26,21,29.0,14.4,3.2,4.4,2.0,0.8,0.1,1.6
Mike Muscala,OKC,28,47,26,21,12.2,4.8,2.3,0.9,0.4,0.2,0.3,-0.4
Mike Scott,PHI,31,68,39,29,17.8,6.0,3.6,0.8,0.4,0.3,0.1,2.1
Miles Bridges,CHA,22,65,23,42,30.7,13.0,5.6,1.8,1.5,0.6,0.7,-6.1
Mitchell Robinson,NYK,22,61,20,41,23.2,9.7,7.0,0.6,0.6,0.9,2.0,-1.8
Miye Oni,UTA,22,10,5,5,10.9,3.5,1.7,0.4,0.4,0.4,0.2,-1.6
Mo Bamba,ORL,22,62,30,32,14.2,5.4,4.9,0.7,0.7,0.4,1.4,0.3
Monte Morris,DEN,25,73,46,27,22.4,9.0,1.9,3.5,0.7,0.8,0.2,0.7
Montrezl Harrell,LAC,26,63,44,19,27.8,18.6,7.1,1.7,1.7,0.6,1.1,4.0
Moritz Wagner,WAS,23,45,15,30,18.6,8.7,4.9,1.2,1.5,0.6,0.4,-2.0
Moses Brown,POR,20,9,4,5,3.6,1.2,1.6,0.1,0.3,0.1,0.1,-3.7
Mychal Mulder,GSW,26,7,3,4,29.1,11.0,3.3,1.1,0.7,0.3,0.1,3.3
Myles Turner,IND,24,62,37,25,29.4,12.1,6.6,1.2,1.4,0.7,2.1,-0.1
Nassir Little,POR,20,48,22,26,11.9,3.6,2.3,0.5,0.3,0.3,0.3,-1.1
Naz Mitrou-Long,IND,26,5,3,2,9.4,2.8,1.4,1.6,0.6,0.2,0.2,4.0
Naz Reid,MIN,20,30,8,22,16.5,9.0,4.1,1.2,0.7,0.6,0.7,0.2
Nemanja Bjelica,SAC,32,72,31,41,27.9,11.5,6.4,2.8,1.4,0.9,0.6,0.1
Nerlens Noel,OKC,26,61,38,23,18.5,7.4,4.9,0.9,1.1,1.0,1.5,0.4
Nic Claxton,BKN,21,15,5,10,12.5,4.4,2.9,1.1,0.6,0.1,0.5,-4.5
Nickeil Alexander-Walker,NOP,21,47,19,28,12.6,5.7,1.8,1.9,1.1,0.4,0.2,-1.2
Nicolas Batum,CHA,31,22,6,16,23.0,3.6,4.5,3.0,1.0,0.8,0.4,-2.2
Nicolo Melli,NOP,29,60,26,34,17.4,6.6,3.0,1.4,0.8,0.6,0.4,-1.5
Nigel Williams-Goss,UTA,25,10,6,4,5.0,1.4,0.6,0.6,0.3,0.3,0.1,0.3
Nikola Jokic,DEN,25,73,46,27,32.0,19.9,9.7,7.0,3.1,1.2,0.6,3.5
Nikola Vucevic,ORL,29,62,28,34,32.2,19.6,10.9,3.6,1.4,0.9,0.8,0.8
Noah Vonleh,DEN,24,36,13,23,10.5,3.7,3.4,0.8,0.6,0.3,0.2,-1.5
Norman Powell,TOR,27,52,40,12,28.4,16.0,3.7,1.8,1.5,1.2,0.4,2.8
Norvel Pelle,PHI,27,24,12,12,9.7,2.4,3.0,0.3,0.8,0.1,1.3,-3.1
OG Anunoby,TOR,22,69,50,19,29.9,10.6,5.3,1.6,1.1,1.4,0.7,4.0
Omari Spellman,MIN,22,49,11,38,18.1,7.6,4.5,1.0,1.1,0.7,0.5,-2.9
Oshae Brissett,TOR,22,19,15,4,7.1,1.9,1.4,0.4,0.4,0.2,0.1,1.8
Otto Porter Jr.,CHI,27,14,5,9,23.6,11.9,3.4,1.8,0.8,1.1,0.4,1.9
P.J. Dozier,DEN,23,29,18,11,14.2,5.8,1.9,2.2,0.9,0.5,0.2,-2.3
P.J. Tucker,HOU,35,72,44,28,34.3,6.9,6.6,1.6,1.0,1.1,0.5,2.2
P.J. Washington,CHA,21,58,22,36,30.3,12.2,5.4,2.1,1.6,0.9,0.8,-3.8
Pascal Siakam,TOR,26,60,46,14,35.2,22.9,7.3,3.5,2.5,1.0,0.9,6.6
Pat Connaughton,MIL,27,67,53,14,18.6,5.4,4.2,1.6,0.8,0.4,0.5,1.2
Patrick Beverley,LAC,31,51,38,13,26.3,7.9,5.2,3.6,1.3,1.1,0.5,5.6
Patrick McCaw,TOR,24,37,27,10,24.5,4.6,2.3,2.1,0.8,1.1,0.1,0.1
Patrick Patterson,LAC,31,59,39,20,13.2,4.9,2.6,0.7,0.4,0.1,0.1,0.8
Patty Mills,SAS,31,66,28,38,22.5,11.6,1.6,1.8,0.8,0.8,0.1,2.0
Paul George,LAC,30,48,34,14,29.6,21.5,5.7,3.9,2.6,1.4,0.4,5.4
Paul Millsap,DEN,35,51,30,21,24.3,11.6,5.7,1.6,1.4,0.9,0.6,4.4
Paul Watson,TOR,25,10,7,3,8.7,3.1,1.7,0.8,0.3,0.4,0.1,3.3
Quinn Cook,LAL,27,44,31,13,11.5,5.1,1.2,1.1,0.8,0.3,0.0,1.3
Quinndary Weatherspoon,SAS,23,11,5,6,7.1,1.1,0.6,1.0,0.5,0.3,0.1,-2.1
Rajon Rondo,LAL,34,48,37,11,20.5,7.1,3.0,5.0,1.9,0.8,0.0,0.9
Raul Neto,PHI,28,54,29,25,12.4,5.1,1.1,1.8,0.9,0.4,0.1,0.7
Rayjon Tucker,UTA,22,20,12,8,8.1,3.1,1.0,0.3,0.4,0.1,0.1,-1.2
Reggie Bullock,NYK,29,29,9,20,23.6,8.1,2.3,1.4,0.7,0.9,0.1,-2.7
Reggie Jackson,LAC,30,31,16,15,24.0,11.9,3.0,4.1,1.6,0.4,0.2,3.5
Richaun Holmes,SAC,26,44,16,28,28.2,12.3,8.1,1.0,1.2,0.9,1.3,0.4
Ricky Rubio,PHX,29,65,32,33,31.0,13.0,4.7,8.8,2.7,1.4,0.2,2.3
RJ Barrett,NYK,20,56,17,39,30.4,14.3,5.0,2.6,2.2,1.0,0.3,-5.8
Robert Covington,HOU,29,70,27,43,30.5,12.4,6.6,1.3,1.5,1.6,1.3,0.5
Robert Williams III,BOS,22,29,19,10,13.4,5.2,4.4,0.9,0.7,0.8,1.2,1.2
Robin Lopez,MIL,32,66,51,15,14.5,5.4,2.4,0.7,1.0,0.2,0.7,0.1
Rodions Kurucs,BKN,22,47,18,29,14.5,4.6,2.9,1.1,1.0,0.5,0.1,-0.6
Rodney Hood,POR,27,21,8,13,29.5,11.0,3.4,1.5,0.9,0.8,0.2,0.2
Rodney McGruder,LAC,28,56,38,18,15.6,3.3,2.7,0.6,0.4,0.5,0.1,-0.1
Romeo Langford,BOS,20,32,22,10,11.6,2.5,1.3,0.4,0.3,0.3,0.3,2.1
Rondae Hollis-Jefferson,TOR,25,60,43,17,18.7,7.0,4.7,1.8,1.0,0.8,0.4,1.3
Royce O'Neale,UTA,27,71,44,27,28.9,6.3,5.5,2.5,0.9,0.8,0.5,3.0
Rudy Gay,SAS,33,67,30,37,21.8,10.8,5.4,1.7,1.3,0.5,0.5,0.2
Rudy Gobert,UTA,28,68,42,26,34.3,15.1,13.5,1.5,1.9,0.8,2.0,4.3
Rui Hachimura,WAS,22,48,15,33,30.1,13.5,6.1,1.8,1.1,0.8,0.2,-5.3
Russell Westbrook,HOU,31,57,36,21,36.0,27.2,7.9,7.0,4.5,1.6,0.4,2.2
Ryan Anderson,HOU,32,2,1,1,7.0,2.5,3.5,1.0,0.5,0.5,0.0,3.5
Ryan Arcidiacono,CHI,26,58,21,37,16.0,4.5,1.9,1.7,0.6,0.5,0.1,-1.4
Ryan Broekhoff,PHI,29,17,10,7,10.6,4.2,2.5,0.6,0.4,0.3,0.2,0.5
Sekou Doumbouya,DET,19,38,10,28,19.8,6.4,3.1,0.5,0.9,0.5,0.2,-4.6
Semi Ojeleye,BOS,25,69,46,23,14.6,3.4,2.1,0.5,0.3,0.3,0.1,-0.4
Serge Ibaka,TOR,30,55,40,15,27.0,15.4,8.2,1.4,2.0,0.5,0.8,1.7
Seth Curry,DAL,29,64,38,26,24.6,12.4,2.3,1.9,1.0,0.6,0.1,2.5
Shabazz Napier,WAS,28,56,16,40,24.0,10.3,2.8,4.7,2.3,1.2,0.2,-1.7
Shai Gilgeous-Alexander,OKC,21,70,43,27,34.7,19.0,5.9,3.3,1.9,1.1,0.7,2.2
Shake Milton,PHI,23,40,23,17,20.1,9.4,2.2,2.6,1.2,0.5,0.2,-0.1
Shamorie Ponds,TOR,22,4,4,0,2.6,2.3,0.3,0.5,0.0,0.0,0.3,0.0
Shaquille Harrison,CHI,26,43,14,29,11.3,4.9,2.0,1.1,0.4,0.8,0.4,1.4
Sindarius Thornwell,NOP,25,2,0,2,17.7,8.0,2.0,2.0,1.0,0.5,0.5,-1.5
Skal Labissiere,ATL,24,33,14,19,17.2,5.8,5.1,1.3,0.9,0.2,0.9,0.4
Solomon Hill,MIA,29,59,29,30,18.4,5.5,2.8,1.8,0.9,0.7,0.2,-1.3
Spencer Dinwiddie,BKN,27,64,30,34,31.2,20.6,3.5,6.8,2.7,0.6,0.3,0.8
Stanley Johnson,TOR,24,25,19,6,6.0,2.4,1.5,0.8,0.6,0.2,0.2,0.5
Stanton Kidd,UTA,28,4,3,1,3.8,0.0,0.8,0.3,0.5,0.0,0.0,-0.3
Stephen Curry,GSW,32,5,1,4,27.9,20.8,5.2,6.6,3.2,1.0,0.4,-9.0
Sterling Brown,MIL,25,52,39,13,14.7,5.1,3.5,1.0,0.8,0.6,0.1,1.3
Steven Adams,OKC,26,63,40,23,26.7,10.9,9.3,2.3,1.5,0.8,1.1,2.4
Svi Mykhailiuk,DET,23,56,17,39,22.6,9.0,1.9,1.9,1.1,0.7,0.1,-0.1
T.J. Leaf,IND,23,28,16,12,7.9,3.0,2.5,0.3,0.3,0.4,0.1,0.3
T.J. McConnell,IND,28,71,44,27,18.7,6.5,2.7,5.0,1.4,0.8,0.2,0.7
T.J. Warren,IND,26,67,42,25,32.9,19.8,4.2,1.5,1.3,1.2,0.5,1.9
Tacko Fall,BOS,24,7,5,2,4.6,3.3,2.1,0.1,0.4,0.1,0.6,1.0
Taj Gibson,NYK,35,62,21,41,16.5,6.1,4.3,0.8,0.8,0.4,0.5,-4.2
Talen Horton-Tucker,LAL,19,6,2,4,13.5,5.7,1.2,1.0,1.0,1.3,0.2,-3.0
Tariq Owens,PHX,25,3,0,3,5.1,1.3,1.0,0.0,0.0,0.3,0.0,-5.3
Taurean Prince,BKN,26,64,30,34,29.0,12.1,6.0,1.8,2.0,0.9,0.4,1.1
Terance Mann,LAC,23,41,27,14,8.8,2.4,1.3,1.3,0.4,0.3,0.1,-0.1
Terence Davis,TOR,23,72,53,19,16.8,7.5,3.3,1.6,1.1,0.5,0.2,2.8
Terrance Ferguson,OKC,22,56,33,23,22.5,3.9,1.3,0.9,0.6,0.5,0.3,-2.6
Terrence Ross,ORL,29,69,31,38,27.4,14.7,3.2,1.2,1.0,1.1,0.3,-1.0
Terry Rozier,CHA,26,63,21,42,34.4,18.0,4.4,4.1,2.2,1.0,0.2,-6.3
Thabo Sefolosha,HOU,36,41,27,14,10.6,2.2,2.3,0.6,0.4,0.6,0.3,0.9
Thaddeus Young,CHI,32,64,22,42,24.9,10.3,4.9,1.8,1.6,1.4,0.4,-3.3
Thanasis Antetokounmpo,MIL,27,20,16,4,6.4,2.8,1.2,0.8,0.6,0.4,0.1,-0.8
Theo Pinson,NYK,24,33,15,18,11.1,3.6,1.6,1.7,1.0,0.5,0.1,-1.2
Thomas Bryant,WAS,22,46,15,31,24.9,13.2,7.2,1.8,1.2,0.5,1.1,-3.5
Thon Maker,DET,23,60,20,40,12.9,4.7,2.8,0.7,0.8,0.4,0.7,-2.4
Tim Frazier,DET,29,27,9,18,13.1,3.6,1.2,3.4,1.3,0.5,0.1,-2.0
Tim Hardaway Jr.,DAL,28,71,41,30,29.5,15.8,3.3,1.9,1.0,0.6,0.1,4.1
Timothe Luwawu-Cabarrot,BKN,25,47,20,27,18.1,7.8,2.7,0.6,0.8,0.4,0.1,-1.1
Tobias Harris,PHI,27,72,43,29,34.3,19.6,6.9,3.2,1.4,0.7,0.6,2.2
Tomas Satoransky,CHI,28,65,22,43,28.9,9.9,3.9,5.4,2.0,1.2,0.1,-1.1
Tony Bradley,UTA,22,58,36,22,11.4,4.9,4.6,0.4,0.5,0.2,0.6,-0.2
Tony Snell,DET,28,59,18,41,27.8,8.0,1.9,2.2,0.5,0.5,0.3,-2.9
Torrey Craig,DEN,29,58,38,20,18.5,5.4,3.3,0.8,0.4,0.4,0.6,-3.0
Trae Young,ATL,21,60,18,42,35.3,29.6,4.3,9.3,4.8,1.1,0.1,-3.8
Tremont Waters,BOS,22,11,8,3,10.8,3.6,1.1,1.5,1.4,0.9,0.2,1.8
Treveon Graham,ATL,26,55,21,34,16.9,4.4,2.7,0.8,0.5,0.4,0.1,-2.7
Trevor Ariza,POR,35,53,22,31,28.2,8.0,4.6,1.7,1.1,1.3,0.3,-0.2
Trey Burke,DAL,27,33,16,17,15.8,7.4,1.5,2.5,0.6,0.5,0.1,0.8
Trey Lyles,SAS,24,63,27,36,20.2,6.4,5.7,1.1,0.6,0.4,0.4,-0.9
Tristan Thompson,CLE,29,57,19,38,30.2,12.0,10.1,2.1,1.8,0.6,0.9,-6.6
Troy Brown Jr.,WAS,20,69,24,45,25.8,10.4,5.6,2.6,1.1,1.2,0.1,-3.3
Troy Daniels,DEN,28,47,34,13,11.3,4.3,1.1,0.4,0.3,0.2,0.1,0.1
Ty Jerome,PHX,22,31,16,15,10.6,3.3,1.5,1.4,0.6,0.5,0.1,-3.3
Tyler Cook,DEN,22,13,3,10,4.2,1.8,1.1,0.1,0.2,0.2,0.0,-1.3
Tyler Herro,MIA,20,55,34,21,27.4,13.5,4.1,2.2,1.6,0.6,0.2,-0.4
Tyler Johnson,BKN,28,39,16,23,18.2,7.0,1.9,1.9,0.7,0.4,0.2,-2.6
Tyler Zeller,SAS,30,2,1,1,1.9,1.0,2.0,0.0,0.0,0.0,0.0,1.5
Tyrone Wallace,ATL,26,14,3,11,11.5,2.9,1.6,0.9,0.7,0.5,0.1,-2.3
Tyson Chandler,HOU,37,26,15,11,8.4,1.3,2.5,0.2,0.3,0.2,0.3,1.2
Tyus Jones,MEM,24,65,32,33,19.0,7.4,1.6,4.4,0.8,0.9,0.1,-0.8
Udonis Haslem,MIA,40,4,3,1,11.0,3.0,4.0,0.3,0.3,0.0,0.0,-4.8
Vic Law,ORL,24,8,2,6,7.7,1.9,1.4,0.4,0.3,0.3,0.0,-0.9
Victor Oladipo,IND,28,19,11,8,27.8,14.5,3.9,2.9,2.5,0.9,0.2,-0.3
Vince Carter,ATL,43,60,19,41,14.6,5.0,2.1,0.8,0.6,0.4,0.4,-2.1
Vincent Poirier,BOS,26,22,18,4,5.9,1.9,2.0,0.4,0.4,0.1,0.4,-0.9
Vlatko Cancar,DEN,23,14,7,7,3.2,1.2,0.7,0.2,0.2,0.1,0.1,-0.6
Wayne Ellington,NYK,32,36,9,27,15.5,5.1,1.8,1.2,0.5,0.4,0.1,-0.5
Wendell Carter Jr.,CHI,21,43,15,28,29.2,11.3,9.4,1.2,1.7,0.8,0.8,-0.7
Wenyen Gabriel,POR,23,30,10,20,7.8,2.1,1.7,0.3,0.5,0.4,0.2,-1.5
Wes Iwundu,ORL,25,52,23,29,18.3,5.8,2.5,1.2,0.5,0.5,0.3,0.2
Wesley Matthews,MIL,33,67,52,15,24.4,7.4,2.5,1.4,0.6,0.6,0.1,6.8
Will Barton,DEN,29,58,38,20,33.0,15.1,6.3,3.7,1.5,1.1,0.5,4.2
William Howard,HOU,26,2,1,1,6.6,0.0,1.0,0.5,0.5,0.0,0.0,0.0
Willie Cauley-Stein,DAL,26,54,16,38,20.3,7.2,5.8,1.3,0.7,0.9,1.1,-2.4
Willy Hernangomez,CHA,26,31,7,24,12.1,6.1,4.3,0.9,1.0,0.3,0.2,-0.6
Wilson Chandler,BKN,33,35,16,19,21.0,5.9,4.1,1.1,1.0,0.5,0.3,-3.4
Yogi Ferrell,SAC,27,50,20,30,10.6,4.4,1.0,1.4,0.6,0.4,0.1,-0.3
Yuta Watanabe,MEM,25,18,9,9,5.8,2.0,1.1,0.3,0.1,0.3,0.1,0.6
Zach Collins,POR,22,11,8,3,26.4,7.0,6.3,1.5,1.3,0.5,0.5,3.3
Zach LaVine,CHI,25,60,20,40,34.8,25.5,4.8,4.2,3.4,1.5,0.5,-3.2
Zach Norvell Jr.,GSW,22,5,2,3,8.2,2.0,1.2,0.6,0.6,0.4,0.0,-5.4
Zhaire Smith,PHI,21,7,3,4,4.6,1.1,0.3,0.3,0.3,0.4,0.0,-1.4
Zion Williamson,NOP,19,24,11,13,27.8,22.5,6.3,2.1,2.5,0.7,0.4,2.6
Zylan Cheatham,NOP,24,4,2,2,12.8,3.0,2.3,0.8,1.0,0.3,0.3,-7.0
